epoch,time,train/box_loss,train/cls_loss,train/dfl_loss,metrics/precision(B),metrics/recall(B),metrics/mAP50(B),metrics/mAP50-95(B),val/box_loss,val/cls_loss,val/dfl_loss,lr/pg0,lr/pg1,lr/pg2
1,56.541,0.5854,0.49516,1.01494,0.99989,1,0.995,0.93454,0.36081,0.25607,0.84556,0.000332667,0.000332667,0.067066
2,101.082,0.50091,0.35536,0.96204,0.99885,1,0.99498,0.9249,0.38018,0.27736,0.85668,0.000665837,0.000665837,0.0340658
3,143.72,0.47519,0.33554,0.94931,0.98131,0.995,0.99444,0.93968,0.35714,0.25153,0.83508,0.000998357,0.000998357,0.00106502
4,188.222,0.45231,0.308,0.94084,0.98708,0.99344,0.99483,0.95264,0.32319,0.22097,0.83939,0.000997803,0.000997803,0.000997803
5,228.57,0.42968,0.29393,0.93072,0.99993,1,0.995,0.95781,0.31521,0.19083,0.81699,0.000996097,0.000996097,0.000996097
6,267.224,0.41236,0.2851,0.926,0.99989,1,0.995,0.96608,0.2738,0.17356,0.8191,0.000993906,0.000993906,0.000993906
7,305.848,0.39872,0.27305,0.92471,0.99993,1,0.995,0.97493,0.23842,0.16134,0.79594,0.000991232,0.000991232,0.000991232
8,344.414,0.39013,0.2638,0.91823,0.99993,1,0.995,0.97909,0.22708,0.15454,0.79349,0.000988079,0.000988079,0.000988079
9,382.976,0.38046,0.25964,0.91452,0.99992,1,0.995,0.97845,0.23972,0.16225,0.7953,0.000984449,0.000984449,0.000984449
10,421.514,0.3705,0.2495,0.90955,0.99994,1,0.995,0.97497,0.24599,0.15438,0.79947,0.000980345,0.000980345,0.000980345
11,460.055,0.36317,0.24453,0.90929,0.99988,1,0.995,0.9798,0.22886,0.14293,0.80346,0.000975773,0.000975773,0.000975773
12,498.622,0.36059,0.24264,0.90659,0.99994,1,0.995,0.98109,0.22568,0.14981,0.78814,0.000970736,0.000970736,0.000970736
13,537.159,0.35566,0.23814,0.90539,0.99983,1,0.995,0.9831,0.21319,0.14006,0.79222,0.000965239,0.000965239,0.000965239
14,575.746,0.35219,0.2381,0.90537,0.9999,1,0.995,0.9817,0.21212,0.13209,0.78967,0.000959289,0.000959289,0.000959289
15,614.237,0.34892,0.23348,0.90196,0.99989,1,0.995,0.98083,0.21279,0.13759,0.78828,0.000952889,0.000952889,0.000952889
16,652.786,0.34229,0.22755,0.90175,0.99978,1,0.995,0.98113,0.21639,0.13066,0.78722,0.000946048,0.000946048,0.000946048
17,691.32,0.34013,0.22316,0.89712,0.99993,1,0.995,0.98319,0.20082,0.12542,0.78415,0.000938772,0.000938772,0.000938772
18,729.881,0.33805,0.22593,0.90026,0.99992,1,0.995,0.98239,0.20233,0.12734,0.78601,0.000931067,0.000931067,0.000931067
19,768.444,0.33023,0.2201,0.89685,0.99991,1,0.995,0.98361,0.19296,0.11547,0.78225,0.000922942,0.000922942,0.000922942
20,806.985,0.33475,0.22137,0.89946,0.99992,1,0.995,0.98476,0.18361,0.12198,0.7789,0.000914405,0.000914405,0.000914405
21,845.513,0.32286,0.21693,0.89222,0.99994,1,0.995,0.98412,0.18851,0.11811,0.78121,0.000905463,0.000905463,0.000905463
22,884.078,0.32246,0.21495,0.89428,0.99994,1,0.995,0.98328,0.18264,0.1184,0.78123,0.000896127,0.000896127,0.000896127
23,922.607,0.3234,0.21707,0.89578,0.9999,1,0.995,0.9833,0.18527,0.12025,0.77937,0.000886404,0.000886404,0.000886404
24,961.121,0.31804,0.20916,0.89274,0.99978,1,0.995,0.98095,0.18776,0.12123,0.78413,0.000876305,0.000876305,0.000876305
25,999.64,0.31252,0.20785,0.89022,0.99994,1,0.995,0.98466,0.18066,0.11373,0.77936,0.000865839,0.000865839,0.000865839
26,1038.2,0.31284,0.20788,0.8909,0.99993,1,0.995,0.98471,0.18045,0.11303,0.7796,0.000855018,0.000855018,0.000855018
27,1076.72,0.30597,0.20485,0.88903,0.99992,1,0.995,0.98447,0.1758,0.11395,0.77741,0.000843851,0.000843851,0.000843851
28,1115.16,0.31243,0.20835,0.89272,0.99994,1,0.995,0.98473,0.17598,0.10326,0.77899,0.000832349,0.000832349,0.000832349
29,1153.7,0.30153,0.202,0.88748,0.9999,1,0.995,0.98611,0.17414,0.10382,0.77796,0.000820525,0.000820525,0.000820525
30,1192.18,0.29787,0.19552,0.88507,0.99994,1,0.995,0.98633,0.16925,0.10178,0.77685,0.000808389,0.000808389,0.000808389
31,1230.73,0.29511,0.19555,0.88235,0.99988,1,0.995,0.98437,0.18055,0.11112,0.78004,0.000795954,0.000795954,0.000795954
32,1269.28,0.30771,0.20307,0.88876,0.99994,1,0.995,0.98601,0.16844,0.10469,0.77525,0.000783231,0.000783231,0.000783231
33,1307.75,0.2983,0.19635,0.88698,0.99994,1,0.995,0.98594,0.16898,0.10412,0.77768,0.000770234,0.000770234,0.000770234
34,1346.05,0.30024,0.19843,0.88701,0.99994,1,0.995,0.98534,0.1644,0.09785,0.77539,0.000756976,0.000756976,0.000756976
35,1384.68,0.29883,0.19368,0.8894,0.99992,1,0.995,0.98298,0.17414,0.10108,0.78082,0.000743468,0.000743468,0.000743468
36,1423.2,0.29695,0.19399,0.88616,0.99994,1,0.995,0.98299,0.16513,0.10026,0.77575,0.000729725,0.000729725,0.000729725
37,1461.79,0.28774,0.18851,0.8854,0.99994,1,0.995,0.98353,0.15991,0.0931,0.77401,0.000715761,0.000715761,0.000715761
38,1500.36,0.29068,0.18922,0.88376,0.99994,1,0.995,0.98544,0.16054,0.09467,0.77624,0.000701588,0.000701588,0.000701588
39,1538.9,0.28411,0.18572,0.88038,0.99994,1,0.995,0.98546,0.16074,0.09783,0.77443,0.000687222,0.000687222,0.000687222
40,1577.45,0.28574,0.18783,0.88246,0.99994,1,0.995,0.98575,0.15793,0.09543,0.77286,0.000672675,0.000672675,0.000672675
41,1615.97,0.2768,0.18265,0.8791,0.99994,1,0.995,0.98616,0.15611,0.09375,0.77335,0.000657963,0.000657963,0.000657963
42,1654.57,0.28022,0.18152,0.87806,0.99994,1,0.995,0.98562,0.15809,0.09307,0.77433,0.000643101,0.000643101,0.000643101
43,1693.17,0.28005,0.18376,0.87704,0.99994,1,0.995,0.98599,0.15594,0.09352,0.77307,0.000628101,0.000628101,0.000628101
44,1731.75,0.28228,0.18318,0.88179,0.99994,1,0.995,0.9863,0.15442,0.09038,0.77371,0.000612981,0.000612981,0.000612981
45,1770.27,0.27585,0.17721,0.87848,0.99994,1,0.995,0.98602,0.15417,0.08753,0.77312,0.000597754,0.000597754,0.000597754
46,1808.83,0.27961,0.18055,0.87803,0.99994,1,0.995,0.98657,0.15434,0.08873,0.77316,0.000582435,0.000582435,0.000582435
47,1847.43,0.26947,0.17686,0.87682,0.99994,1,0.995,0.98681,0.15391,0.08834,0.77265,0.00056704,0.00056704,0.00056704
48,1885.97,0.27486,0.17695,0.87827,0.99994,1,0.995,0.98707,0.15243,0.08729,0.77212,0.000551584,0.000551584,0.000551584
49,1924.47,0.27305,0.17681,0.87832,0.99994,1,0.995,0.98674,0.15227,0.08605,0.77214,0.000536081,0.000536081,0.000536081
50,1962.97,0.26785,0.17238,0.87575,0.99994,1,0.995,0.9865,0.15133,0.08688,0.77246,0.000520548,0.000520548,0.000520548
51,2001.44,0.26729,0.17359,0.87487,0.99995,1,0.995,0.98717,0.14831,0.0834,0.77081,0.000505,0.000505,0.000505
52,2039.94,0.25999,0.16656,0.87336,0.99994,1,0.995,0.98667,0.14877,0.08145,0.77177,0.000489452,0.000489452,0.000489452
53,2078.44,0.25774,0.16444,0.87194,0.99994,1,0.995,0.98605,0.14768,0.08187,0.77132,0.000473919,0.000473919,0.000473919
54,2116.99,0.26032,0.16495,0.87552,0.99994,1,0.995,0.98675,0.14863,0.08182,0.77099,0.000458416,0.000458416,0.000458416
55,2155.54,0.26133,0.16838,0.87494,0.99994,1,0.995,0.98605,0.15102,0.0827,0.77281,0.00044296,0.00044296,0.00044296
56,2194.04,0.26017,0.16648,0.87309,0.99994,1,0.995,0.98714,0.14747,0.08179,0.77064,0.000427565,0.000427565,0.000427565
57,2232.55,0.25722,0.16449,0.87413,0.99994,1,0.995,0.98609,0.14657,0.08173,0.77082,0.000412246,0.000412246,0.000412246
58,2271.11,0.25777,0.16187,0.8735,0.99994,1,0.995,0.98681,0.14643,0.08016,0.77071,0.000397019,0.000397019,0.000397019
59,2309.26,0.25493,0.16127,0.8733,0.99994,1,0.995,0.98649,0.14472,0.07825,0.77072,0.000381899,0.000381899,0.000381899
60,2347.51,0.25049,0.16001,0.87247,0.99994,1,0.995,0.98645,0.14486,0.07818,0.7704,0.000366899,0.000366899,0.000366899
61,2385.88,0.24943,0.15996,0.87143,0.99994,1,0.995,0.98685,0.14316,0.07813,0.77011,0.000352037,0.000352037,0.000352037
62,2424.46,0.24838,0.15717,0.87149,0.99994,1,0.995,0.98685,0.1426,0.0775,0.77009,0.000337325,0.000337325,0.000337325
63,2463,0.24615,0.15444,0.86983,0.99994,1,0.995,0.98691,0.14279,0.07791,0.77014,0.000322778,0.000322778,0.000322778
64,2501.55,0.24867,0.15556,0.87146,0.99994,1,0.995,0.98688,0.14093,0.07771,0.76964,0.000308412,0.000308412,0.000308412
65,2540.1,0.24262,0.15214,0.86901,0.99994,1,0.995,0.98673,0.14133,0.07645,0.76982,0.000294239,0.000294239,0.000294239
66,2578.67,0.24275,0.15093,0.86862,0.99993,1,0.995,0.98724,0.14062,0.0755,0.76961,0.000280275,0.000280275,0.000280275
67,2617.23,0.24604,0.15311,0.86981,0.99992,1,0.995,0.98707,0.14049,0.07593,0.76924,0.000266532,0.000266532,0.000266532
68,2655.77,0.23964,0.14976,0.86853,0.99993,1,0.995,0.98667,0.14138,0.07512,0.76972,0.000253024,0.000253024,0.000253024
69,2694.29,0.23798,0.14905,0.86952,0.99994,1,0.995,0.98685,0.14071,0.07403,0.76968,0.000239766,0.000239766,0.000239766
70,2732.84,0.24511,0.1519,0.87114,0.99994,1,0.995,0.98712,0.14017,0.07522,0.76938,0.000226769,0.000226769,0.000226769
71,2771.4,0.24127,0.14823,0.86921,0.99994,1,0.995,0.98711,0.13986,0.07415,0.76942,0.000214046,0.000214046,0.000214046
72,2809.91,0.23783,0.14624,0.86925,0.99994,1,0.995,0.98684,0.13958,0.07409,0.76969,0.000201611,0.000201611,0.000201611
73,2848.45,0.23411,0.1442,0.86569,0.99993,1,0.995,0.98655,0.13907,0.07293,0.76915,0.000189475,0.000189475,0.000189475
74,2886.96,0.23562,0.14634,0.86682,0.99994,1,0.995,0.98685,0.13858,0.07366,0.76897,0.000177651,0.000177651,0.000177651
75,2925.47,0.23075,0.14373,0.8666,0.99994,1,0.995,0.98663,0.13812,0.0742,0.76871,0.000166149,0.000166149,0.000166149
76,2963.95,0.22801,0.1412,0.86434,0.99994,1,0.995,0.9869,0.13817,0.07397,0.76896,0.000154982,0.000154982,0.000154982
77,3002.53,0.22988,0.14169,0.86647,0.99994,1,0.995,0.98694,0.13859,0.07225,0.76916,0.000144161,0.000144161,0.000144161
78,3041.09,0.22678,0.14133,0.86483,0.99994,1,0.995,0.98702,0.13721,0.07202,0.7688,0.000133695,0.000133695,0.000133695
79,3079.68,0.22571,0.14032,0.86607,0.99994,1,0.995,0.98676,0.13683,0.0716,0.76858,0.000123596,0.000123596,0.000123596
80,3118.26,0.22336,0.13939,0.86334,0.99994,1,0.995,0.98711,0.13667,0.07124,0.76836,0.000113873,0.000113873,0.000113873
81,3156.8,0.22318,0.13781,0.86481,0.99994,1,0.995,0.98728,0.13644,0.07153,0.7683,0.000104537,0.000104537,0.000104537
82,3195.37,0.22205,0.13649,0.86509,0.99994,1,0.995,0.987,0.13594,0.07067,0.76816,9.55951e-05,9.55951e-05,9.55951e-05
83,3233.93,0.22069,0.13585,0.86349,0.99994,1,0.995,0.98734,0.13543,0.07008,0.76791,8.70577e-05,8.70577e-05,8.70577e-05
84,3272.5,0.22405,0.13673,0.86499,0.99994,1,0.995,0.98728,0.13515,0.07035,0.76777,7.89327e-05,7.89327e-05,7.89327e-05
85,3311.04,0.21849,0.13366,0.86304,0.99994,1,0.995,0.98737,0.13482,0.0701,0.76771,7.12282e-05,7.12282e-05,7.12282e-05
86,3349.57,0.22155,0.13446,0.86246,0.99994,1,0.995,0.98713,0.13457,0.06995,0.76777,6.39518e-05,6.39518e-05,6.39518e-05
87,3390.28,0.2227,0.13545,0.86358,0.99994,1,0.995,0.98728,0.13453,0.0698,0.76772,5.71106e-05,5.71106e-05,5.71106e-05
88,3427.91,0.22126,0.13498,0.86368,0.99994,1,0.995,0.98733,0.13433,0.06946,0.76769,5.07115e-05,5.07115e-05,5.07115e-05
89,3466.48,0.21271,0.12944,0.85962,0.99994,1,0.995,0.98746,0.13418,0.06974,0.76764,4.47606e-05,4.47606e-05,4.47606e-05
90,3506.9,0.22005,0.13518,0.86491,0.99994,1,0.995,0.98756,0.13413,0.06964,0.76755,3.9264e-05,3.9264e-05,3.9264e-05
91,3578.22,0.14557,0.08448,0.77716,0.99994,1,0.995,0.98765,0.13445,0.06975,0.76757,3.4227e-05,3.4227e-05,3.4227e-05
92,3662.54,0.14117,0.08141,0.77656,0.99994,1,0.995,0.98766,0.13477,0.06919,0.76765,2.96546e-05,2.96546e-05,2.96546e-05
93,3745.21,0.13903,0.0799,0.77577,0.99994,1,0.995,0.98765,0.13479,0.06988,0.76766,2.55513e-05,2.55513e-05,2.55513e-05
94,3829.16,0.1396,0.07975,0.77565,0.99994,1,0.995,0.98743,0.13489,0.06917,0.76766,2.19212e-05,2.19212e-05,2.19212e-05
95,3916.64,0.13876,0.07918,0.77512,0.99994,1,0.995,0.98738,0.13483,0.06911,0.76776,1.87678e-05,1.87678e-05,1.87678e-05
96,4000.94,0.13666,0.07767,0.7745,0.99994,1,0.995,0.98727,0.13491,0.06916,0.7677,1.60943e-05,1.60943e-05,1.60943e-05
97,4089.06,0.13682,0.07811,0.77682,0.99994,1,0.995,0.98737,0.13466,0.06956,0.7676,1.39032e-05,1.39032e-05,1.39032e-05
98,4173.55,0.13691,0.07786,0.77686,0.99994,1,0.995,0.98738,0.13466,0.06962,0.76767,1.21968e-05,1.21968e-05,1.21968e-05
99,4261.53,0.13646,0.07756,0.77887,0.99994,1,0.995,0.98727,0.13465,0.06963,0.76765,1.09768e-05,1.09768e-05,1.09768e-05
100,4345.89,0.13719,0.07769,0.77629,0.99994,1,0.995,0.98734,0.1346,0.0697,0.76763,1.02443e-05,1.02443e-05,1.02443e-05
